{
  "horizon_min": 30,
  "bins": [
    {
      "bin": 9,
      "p_mean": 0.8571428656578064,
      "y_mean": 0.9166666666666666,
      "n": 36
    }
  ],
  "counts": {
    "n": 36,
    "positives": 33
  }
}