{
  "threshold_abs_dev": 0.003,
  "ap": {
    "z_if": 0.7678060611820945,
    "z_lof": 0.2981133116596385,
    "z_ocsvm": 0.510247910921647,
    "z_cusum": 0.16065674279503328,
    "z_ae": 0.18197649107531563,
    "anom_fused": 0.16081674558612086
  },
  "winner": "z_if"
}