{
  "drift": true,
  "reason": "feature drift",
  "thresholds": {
    "ks": 0.2,
    "psi": 0.25
  },
  "metrics": {
    "dev": {
      "ks": 0.2404692082111437,
      "psi": 4.882104233931352
    },
    "dev_roll_std": {
      "ks": 0.31757708575705923,
      "psi": 1.7056456732717602
    },
    "tvl_outflow_rate": {
      "ks": 0.139131264974644,
      "psi": 1.1999445611768262
    },
    "spot_twap_gap_bps": {
      "ks": 0.06095013080592748,
      "psi": 0.10253299459005015
    },
    "oracle_ratio": {
      "ks": 0.2404692082111437,
      "psi": 4.882104233931352
    },
    "anom_fused": {
      "ks": 0.35137213555324276,
      "psi": 4.776370169571625
    }
  },
  "n_train": 1607,
  "n_recent": 690
}